id,expected
0,0.44132305601188576
1,0.6739193217867954
2,0.45722397613936067
3,0.3541785735642053
4,0.24898754339814283
5,0.6163419096255528
6,0.6581774865005035
7,0.7699035572531158
8,0.30030962588674287
9,0.5476454996992448
10,0.3580582526408001
11,0.6941070789778871
12,0.706202079868449
13,0.5882808163985385
14,0.5035817933494798
15,0.2116180857282578
16,0.544584989804773
17,0.4624920691176866
18,0.641054908277672
19,0.5380616330142367
